reddit/comments/RC_2005-12.zst,1075
reddit/comments/RC_2006-01.zst,3666
reddit/comments/RC_2006-02.zst,9095
reddit/comments/RC_2006-03.zst,13859
reddit/comments/RC_2006-04.zst,19090
reddit/comments/RC_2006-05.zst,26859
reddit/comments/RC_2006-06.zst,29163
reddit/comments/RC_2006-07.zst,37031
reddit/comments/RC_2006-08.zst,50559
reddit/comments/RC_2006-09.zst,50675
reddit/comments/RC_2006-10.zst,54148
reddit/comments/RC_2006-11.zst,62021
reddit/comments/RC_2006-12.zst,61018
reddit/comments/RC_2007-01.zst,81341
reddit/comments/RC_2007-02.zst,95634
reddit/comments/RC_2007-03.zst,112444
reddit/comments/RC_2007-04.zst,126773
reddit/comments/RC_2007-05.zst,170097
reddit/comments/RC_2007-06.zst,178800
reddit/comments/RC_2007-07.zst,203319
reddit/comments/RC_2007-08.zst,225111
reddit/comments/RC_2007-09.zst,259497
reddit/comments/RC_2007-10.zst,274170
reddit/comments/RC_2007-11.zst,372983
reddit/comments/RC_2007-12.zst,363390
reddit/comments/RC_2008-01.zst,452990
reddit/comments/RC_2008-02.zst,441768
reddit/comments/RC_2008-03.zst,463728
reddit/comments/RC_2008-04.zst,468317
reddit/comments/RC_2008-05.zst,536380
reddit/comments/RC_2008-06.zst,577684
reddit/comments/RC_2008-07.zst,592610
reddit/comments/RC_2008-08.zst,595959
reddit/comments/RC_2008-09.zst,680892
reddit/comments/RC_2008-10.zst,789874
reddit/comments/RC_2008-11.zst,792310
reddit/comments/RC_2008-12.zst,850359
reddit/comments/RC_2009-01.zst,1051649
reddit/comments/RC_2009-02.zst,944711
reddit/comments/RC_2009-03.zst,1048643
reddit/comments/RC_2009-04.zst,1094599
reddit/comments/RC_2009-05.zst,1201257
reddit/comments/RC_2009-06.zst,1258750
reddit/comments/RC_2009-07.zst,1470290
reddit/comments/RC_2009-08.zst,1750688
reddit/comments/RC_2009-09.zst,2032276
reddit/comments/RC_2009-10.zst,2242017
reddit/comments/RC_2009-11.zst,2207444
reddit/comments/RC_2009-12.zst,2560510
reddit/comments/RC_2010-01.zst,2884096
reddit/comments/RC_2010-02.zst,2687779
reddit/comments/RC_2010-03.zst,3228254
reddit/comments/RC_2010-04.zst,3209898
reddit/comments/RC_2010-05.zst,3267363
reddit/comments/RC_2010-06.zst,3532867
reddit/comments/RC_2010-07.zst,4032737
reddit/comments/RC_2010-08.zst,4247982
reddit/comments/RC_2010-09.zst,4704069
reddit/comments/RC_2010-10.zst,5032368
reddit/comments/RC_2010-11.zst,5689002
reddit/comments/RC_2010-12.zst,5972642
reddit/comments/RC_2011-01.zst,6603329
reddit/comments/RC_2011-02.zst,6363114
reddit/comments/RC_2011-03.zst,7556165
reddit/comments/RC_2011-04.zst,7571398
reddit/comments/RC_2011-05.zst,8803949
reddit/comments/RC_2011-06.zst,9766511
reddit/comments/RC_2011-07.zst,10557466
reddit/comments/RC_2011-08.zst,12316144
reddit/comments/RC_2011-09.zst,12150412
reddit/comments/RC_2011-10.zst,13470278
reddit/comments/RC_2011-11.zst,13621533
reddit/comments/RC_2011-12.zst,14509469
reddit/comments/RC_2012-01.zst,16350205
reddit/comments/RC_2012-02.zst,16015695
reddit/comments/RC_2012-03.zst,17881943
reddit/comments/RC_2012-04.zst,19044534
reddit/comments/RC_2012-05.zst,20388260
reddit/comments/RC_2012-06.zst,21897913
reddit/comments/RC_2012-07.zst,24087517
reddit/comments/RC_2012-08.zst,25703326
reddit/comments/RC_2012-09.zst,23419524
reddit/comments/RC_2012-10.zst,24788236
reddit/comments/RC_2012-11.zst,24648302
reddit/comments/RC_2012-12.zst,26080276
reddit/comments/RC_2013-01.zst,30365867
reddit/comments/RC_2013-02.zst,27213960
reddit/comments/RC_2013-03.zst,30771274
reddit/comments/RC_2013-04.zst,33259557
reddit/comments/RC_2013-05.zst,33126225
reddit/comments/RC_2013-06.zst,32648247
reddit/comments/RC_2013-07.zst,34922133
reddit/comments/RC_2013-08.zst,34766579
reddit/comments/RC_2013-09.zst,31990369
reddit/comments/RC_2013-10.zst,35940040
reddit/comments/RC_2013-11.zst,37396497
reddit/comments/RC_2013-12.zst,39810216
reddit/comments/RC_2014-01.zst,42420655
reddit/comments/RC_2014-02.zst,38703362
reddit/comments/RC_2014-03.zst,42459956
reddit/comments/RC_2014-04.zst,42440735
reddit/comments/RC_2014-05.zst,42514094
reddit/comments/RC_2014-06.zst,41990650
reddit/comments/RC_2014-07.zst,46868899
reddit/comments/RC_2014-08.zst,46990813
reddit/comments/RC_2014-09.zst,44992201
reddit/comments/RC_2014-10.zst,47497520
reddit/comments/RC_2014-11.zst,46118074
reddit/comments/RC_2014-12.zst,48807699
reddit/comments/RC_2015-01.zst,53851542
reddit/comments/RC_2015-02.zst,48342747
reddit/comments/RC_2015-03.zst,54564441
reddit/comments/RC_2015-04.zst,55005780
reddit/comments/RC_2015-05.zst,54504410
reddit/comments/RC_2015-06.zst,54258492
reddit/comments/RC_2015-07.zst,58451788
reddit/comments/RC_2015-08.zst,58075327
reddit/comments/RC_2015-09.zst,55574825
reddit/comments/RC_2015-10.zst,59494045
reddit/comments/RC_2015-11.zst,57117500
reddit/comments/RC_2015-12.zst,58523312
reddit/comments/RC_2016-01.zst,61991732
reddit/comments/RC_2016-02.zst,59189875
reddit/comments/RC_2016-03.zst,63918864
reddit/comments/RC_2016-04.zst,64271256
reddit/comments/RC_2016-05.zst,65212004
reddit/comments/RC_2016-06.zst,65867743
reddit/comments/RC_2016-07.zst,66974735
reddit/comments/RC_2016-08.zst,69654819
reddit/comments/RC_2016-09.zst,67024973
reddit/comments/RC_2016-10.zst,71826553
reddit/comments/RC_2016-11.zst,71022319
reddit/comments/RC_2016-12.zst,72942967
reddit/comments/RC_2017-01.zst,78946585
reddit/comments/RC_2017-02.zst,70609487
reddit/comments/RC_2017-03.zst,79723106
reddit/comments/RC_2017-04.zst,77478009
reddit/comments/RC_2017-05.zst,79810360
reddit/comments/RC_2017-06.zst,79901711
reddit/comments/RC_2017-07.zst,81798725
reddit/comments/RC_2017-08.zst,84658503
reddit/comments/RC_2017-09.zst,83165192
reddit/comments/RC_2017-10.zst,85828912
reddit/comments/RC_2017-11.zst,84965681
reddit/comments/RC_2017-12.zst,85973810
reddit/comments/RC_2018-01.zst,91558594
reddit/comments/RC_2018-02.zst,86467179
reddit/comments/RC_2018-03.zst,96490262
reddit/comments/RC_2018-04.zst,98101232
reddit/comments/RC_2018-05.zst,100109100
reddit/comments/RC_2018-06.zst,100009462
reddit/comments/RC_2018-07.zst,108151359
reddit/comments/RC_2018-08.zst,107330940
reddit/comments/RC_2018-09.zst,104473929
reddit/comments/RC_2018-10.zst,112346556
reddit/comments/RC_2018-11.zst,112573001
reddit/comments/RC_2018-12.zst,121953600
reddit/comments/RC_2019-01.zst,129386587
reddit/comments/RC_2019-02.zst,120645639
reddit/comments/RC_2019-03.zst,137650471
reddit/comments/RC_2019-04.zst,138473643
reddit/comments/RC_2019-05.zst,142463421
reddit/comments/RC_2019-06.zst,134172939
reddit/comments/RC_2019-07.zst,145965083
reddit/comments/RC_2019-08.zst,146854393
reddit/comments/RC_2019-09.zst,137540219
reddit/comments/RC_2019-10.zst,145909884
reddit/comments/RC_2019-11.zst,138512489
reddit/comments/RC_2019-12.zst,146012313
reddit/comments/RC_2020-01.zst,153498208
reddit/comments/RC_2020-02.zst,148386817
reddit/comments/RC_2020-03.zst,166266315
reddit/comments/RC_2020-04.zst,178511581
reddit/comments/RC_2020-05.zst,189993779
reddit/comments/RC_2020-06.zst,187914434
reddit/comments/RC_2020-07.zst,194244994
reddit/comments/RC_2020-08.zst,196099301
reddit/comments/RC_2020-09.zst,182549761
reddit/comments/RC_2020-10.zst,186583890
reddit/comments/RC_2020-11.zst,186083723
reddit/comments/RC_2020-12.zst,191317162
reddit/comments/RC_2021-01.zst,210496207
reddit/comments/RC_2021-02.zst,193510365
reddit/comments/RC_2021-03.zst,207454415
reddit/comments/RC_2021-04.zst,204573086
reddit/comments/RC_2021-05.zst,217655366
reddit/comments/RC_2021-06.zst,208027069
reddit/comments/RC_2021-07.zst,210955954
reddit/comments/RC_2021-08.zst,225681244
reddit/comments/RC_2021-09.zst,220086513
reddit/comments/RC_2021-10.zst,227527379
reddit/comments/RC_2021-11.zst,228289963
reddit/comments/RC_2021-12.zst,235807471
reddit/comments/RC_2022-01.zst,256766679
reddit/comments/RC_2022-02.zst,219927645
reddit/comments/RC_2022-03.zst,236554668
reddit/comments/RC_2022-04.zst,231188077
reddit/comments/RC_2022-05.zst,230492108
reddit/comments/RC_2022-06.zst,218842949
reddit/comments/RC_2022-07.zst,242504279
reddit/comments/RC_2022-08.zst,247215325
reddit/comments/RC_2022-09.zst,234131223
reddit/comments/RC_2022-10.zst,237365072
reddit/comments/RC_2022-11.zst,229478878
reddit/comments/RC_2022-12.zst,238862690
reddit/comments/RC_2023-01.zst,253577512
reddit/comments/RC_2023-02.zst,221285501
reddit/comments/RC_2023-03.zst,240661398
reddit/comments/RC_2023-04.zst,233853959
reddit/comments/RC_2023-05.zst,239038612
reddit/comments/RC_2023-06.zst,227684217
reddit/comments/RC_2023-07.zst,245135943
reddit/comments/RC_2023-08.zst,259403102
reddit/comments/RC_2023-09.zst,258302394
reddit/comments/RC_2023-10.zst,262580601
reddit/comments/RC_2023-11.zst,250870354
reddit/comments/RC_2023-12.zst,257335305
reddit/comments/RC_2024-01.zst,284287892
reddit/comments/RC_2024-02.zst,265476379
reddit/comments/RC_2024-03.zst,282728171
reddit/comments/RC_2024-04.zst,273520750
reddit/comments/RC_2024-05.zst,272927435
reddit/comments/RC_2024-06.zst,270886310
reddit/comments/RC_2024-07.zst,291794366
reddit/comments/RC_2024-08.zst,302096471
reddit/comments/RC_2024-09.zst,290214138
reddit/comments/RC_2024-10.zst,304008294
reddit/submissions/RS_2005-06.zst,103
reddit/submissions/RS_2005-07.zst,1079
reddit/submissions/RS_2005-08.zst,2069
reddit/submissions/RS_2005-09.zst,2449
reddit/submissions/RS_2005-10.zst,3498
reddit/submissions/RS_2005-11.zst,3699
reddit/submissions/RS_2005-12.zst,5356
reddit/submissions/RS_2006-01.zst,8048
reddit/submissions/RS_2006-02.zst,9501
reddit/submissions/RS_2006-03.zst,12525
reddit/submissions/RS_2006-04.zst,12556
reddit/submissions/RS_2006-05.zst,14701
reddit/submissions/RS_2006-06.zst,16942
reddit/submissions/RS_2006-07.zst,24026
reddit/submissions/RS_2006-08.zst,40750
reddit/submissions/RS_2006-09.zst,54043
reddit/submissions/RS_2006-10.zst,38333
reddit/submissions/RS_2006-11.zst,36824
reddit/submissions/RS_2006-12.zst,36434
reddit/submissions/RS_2007-01.zst,43725
reddit/submissions/RS_2007-02.zst,47317
reddit/submissions/RS_2007-03.zst,58642
reddit/submissions/RS_2007-04.zst,61544
reddit/submissions/RS_2007-05.zst,65098
reddit/submissions/RS_2007-06.zst,62693
reddit/submissions/RS_2007-07.zst,73248
reddit/submissions/RS_2007-08.zst,84952
reddit/submissions/RS_2007-09.zst,91294
reddit/submissions/RS_2007-10.zst,101633
reddit/submissions/RS_2007-11.zst,106868
reddit/submissions/RS_2007-12.zst,111193
reddit/submissions/RS_2008-01.zst,142310
reddit/submissions/RS_2008-02.zst,147834
reddit/submissions/RS_2008-03.zst,168227
reddit/submissions/RS_2008-04.zst,167472
reddit/submissions/RS_2008-05.zst,177022
reddit/submissions/RS_2008-06.zst,190682
reddit/submissions/RS_2008-07.zst,218092
reddit/submissions/RS_2008-08.zst,212552
reddit/submissions/RS_2008-09.zst,256268
reddit/submissions/RS_2008-10.zst,282974
reddit/submissions/RS_2008-11.zst,272505
reddit/submissions/RS_2008-12.zst,283915
reddit/submissions/RS_2009-01.zst,331060
reddit/submissions/RS_2009-02.zst,329042
reddit/submissions/RS_2009-03.zst,362805
reddit/submissions/RS_2009-04.zst,357107
reddit/submissions/RS_2009-05.zst,355193
reddit/submissions/RS_2009-06.zst,383969
reddit/submissions/RS_2009-07.zst,427135
reddit/submissions/RS_2009-08.zst,435860
reddit/submissions/RS_2009-09.zst,443037
reddit/submissions/RS_2009-10.zst,461702
reddit/submissions/RS_2009-11.zst,452320
reddit/submissions/RS_2009-12.zst,492225
reddit/submissions/RS_2010-01.zst,549007
reddit/submissions/RS_2010-02.zst,506868
reddit/submissions/RS_2010-03.zst,602586
reddit/submissions/RS_2010-04.zst,617302
reddit/submissions/RS_2010-05.zst,515637
reddit/submissions/RS_2010-06.zst,478396
reddit/submissions/RS_2010-07.zst,504098
reddit/submissions/RS_2010-08.zst,537480
reddit/submissions/RS_2010-09.zst,600209
reddit/submissions/RS_2010-10.zst,630298
reddit/submissions/RS_2010-11.zst,674615
reddit/submissions/RS_2010-12.zst,729840
reddit/submissions/RS_2011-01.zst,837996
reddit/submissions/RS_2011-02.zst,822302
reddit/submissions/RS_2011-03.zst,976817
reddit/submissions/RS_2011-04.zst,971371
reddit/submissions/RS_2011-05.zst,1081578
reddit/submissions/RS_2011-06.zst,1153048
reddit/submissions/RS_2011-07.zst,1264991
reddit/submissions/RS_2011-08.zst,1448347
reddit/submissions/RS_2011-09.zst,1482575
reddit/submissions/RS_2011-10.zst,1590673
reddit/submissions/RS_2011-11.zst,1634431
reddit/submissions/RS_2011-12.zst,1772219
reddit/submissions/RS_2012-01.zst,1981577
reddit/submissions/RS_2012-02.zst,1961817
reddit/submissions/RS_2012-03.zst,2158965
reddit/submissions/RS_2012-04.zst,2279491
reddit/submissions/RS_2012-05.zst,2293901
reddit/submissions/RS_2012-06.zst,2393973
reddit/submissions/RS_2012-07.zst,2663529
reddit/submissions/RS_2012-08.zst,2782752
reddit/submissions/RS_2012-09.zst,2568109
reddit/submissions/RS_2012-10.zst,2776156
reddit/submissions/RS_2012-11.zst,2706118
reddit/submissions/RS_2012-12.zst,2735743
reddit/submissions/RS_2013-01.zst,3134862
reddit/submissions/RS_2013-02.zst,2886631
reddit/submissions/RS_2013-03.zst,3201525
reddit/submissions/RS_2013-04.zst,3376188
reddit/submissions/RS_2013-05.zst,3261976
reddit/submissions/RS_2013-06.zst,3189490
reddit/submissions/RS_2013-07.zst,3374406
reddit/submissions/RS_2013-08.zst,3315090
reddit/submissions/RS_2013-09.zst,3121163
reddit/submissions/RS_2013-10.zst,3467225
reddit/submissions/RS_2013-11.zst,3522378
reddit/submissions/RS_2013-12.zst,3801410
reddit/submissions/RS_2014-01.zst,4145541
reddit/submissions/RS_2014-02.zst,3946491
reddit/submissions/RS_2014-03.zst,4209109
reddit/submissions/RS_2014-04.zst,4115035
reddit/submissions/RS_2014-05.zst,4162070
reddit/submissions/RS_2014-06.zst,4092661
reddit/submissions/RS_2014-07.zst,4502441
reddit/submissions/RS_2014-08.zst,4596551
reddit/submissions/RS_2014-09.zst,4567136
reddit/submissions/RS_2014-10.zst,4831580
reddit/submissions/RS_2014-11.zst,4735396
reddit/submissions/RS_2014-12.zst,4984013
reddit/submissions/RS_2015-01.zst,5465910
reddit/submissions/RS_2015-02.zst,5069813
reddit/submissions/RS_2015-03.zst,5611145
reddit/submissions/RS_2015-04.zst,5605306
reddit/submissions/RS_2015-05.zst,5757886
reddit/submissions/RS_2015-06.zst,5948530
reddit/submissions/RS_2015-07.zst,5945498
reddit/submissions/RS_2015-08.zst,6173540
reddit/submissions/RS_2015-09.zst,6176407
reddit/submissions/RS_2015-10.zst,6310673
reddit/submissions/RS_2015-11.zst,6113675
reddit/submissions/RS_2015-12.zst,6322479
reddit/submissions/RS_2016-01.zst,6877510
reddit/submissions/RS_2016-02.zst,7146932
reddit/submissions/RS_2016-03.zst,6901239
reddit/submissions/RS_2016-04.zst,6922510
reddit/submissions/RS_2016-05.zst,7277166
reddit/submissions/RS_2016-06.zst,7188762
reddit/submissions/RS_2016-07.zst,7369835
reddit/submissions/RS_2016-08.zst,7591689
reddit/submissions/RS_2016-09.zst,7437862
reddit/submissions/RS_2016-10.zst,8286759
reddit/submissions/RS_2016-11.zst,8660144
reddit/submissions/RS_2016-12.zst,8921474
reddit/submissions/RS_2017-01.zst,9218513
reddit/submissions/RS_2017-02.zst,8588120
reddit/submissions/RS_2017-03.zst,9616340
reddit/submissions/RS_2017-04.zst,9211051
reddit/submissions/RS_2017-05.zst,9498553
reddit/submissions/RS_2017-06.zst,9597725
reddit/submissions/RS_2017-07.zst,9989122
reddit/submissions/RS_2017-08.zst,10424133
reddit/submissions/RS_2017-09.zst,9787604
reddit/submissions/RS_2017-10.zst,10281718
reddit/submissions/RS_2017-11.zst,10377379
reddit/submissions/RS_2017-12.zst,10567492
reddit/submissions/RS_2018-01.zst,11306843
reddit/submissions/RS_2018-02.zst,10567231
reddit/submissions/RS_2018-03.zst,12022694
reddit/submissions/RS_2018-04.zst,11997150
reddit/submissions/RS_2018-05.zst,12079652
reddit/submissions/RS_2018-06.zst,11904498
reddit/submissions/RS_2018-07.zst,13305762
reddit/submissions/RS_2018-08.zst,13408255
reddit/submissions/RS_2018-09.zst,13107215
reddit/submissions/RS_2018-10.zst,13975028
reddit/submissions/RS_2018-11.zst,13862155
reddit/submissions/RS_2018-12.zst,14894452
reddit/submissions/RS_2019-01.zst,16445391
reddit/submissions/RS_2019-02.zst,15743620
reddit/submissions/RS_2019-03.zst,18412519
reddit/submissions/RS_2019-04.zst,18310157
reddit/submissions/RS_2019-05.zst,19456493
reddit/submissions/RS_2019-06.zst,19731676
reddit/submissions/RS_2019-07.zst,20768578
reddit/submissions/RS_2019-08.zst,21927461
reddit/submissions/RS_2019-09.zst,20713273
reddit/submissions/RS_2019-10.zst,21695713
reddit/submissions/RS_2019-11.zst,21243315
reddit/submissions/RS_2019-12.zst,21217847
reddit/submissions/RS_2020-01.zst,21989643
reddit/submissions/RS_2020-02.zst,22242008
reddit/submissions/RS_2020-03.zst,26577226
reddit/submissions/RS_2020-04.zst,28501627
reddit/submissions/RS_2020-05.zst,28297185
reddit/submissions/RS_2020-06.zst,27557757
reddit/submissions/RS_2020-07.zst,28436736
reddit/submissions/RS_2020-08.zst,28883496
reddit/submissions/RS_2020-09.zst,27814712
reddit/submissions/RS_2020-10.zst,28659441
reddit/submissions/RS_2020-11.zst,28002626
reddit/submissions/RS_2020-12.zst,29695450
reddit/submissions/RS_2021-01.zst,32704571
reddit/submissions/RS_2021-02.zst,31147947
reddit/submissions/RS_2021-03.zst,33006103
reddit/submissions/RS_2021-04.zst,31616206
reddit/submissions/RS_2021-05.zst,36310673
reddit/submissions/RS_2021-06.zst,34118481
reddit/submissions/RS_2021-07.zst,28922711
reddit/submissions/RS_2021-08.zst,28384220
reddit/submissions/RS_2021-09.zst,27316260
reddit/submissions/RS_2021-10.zst,28567813
reddit/submissions/RS_2021-11.zst,29048277
reddit/submissions/RS_2021-12.zst,29863861
reddit/submissions/RS_2022-01.zst,32091070
reddit/submissions/RS_2022-02.zst,29843162
reddit/submissions/RS_2022-03.zst,32677372
reddit/submissions/RS_2022-04.zst,33002461
reddit/submissions/RS_2022-05.zst,34838318
reddit/submissions/RS_2022-06.zst,34395243
reddit/submissions/RS_2022-07.zst,37222497
reddit/submissions/RS_2022-08.zst,38178282
reddit/submissions/RS_2022-09.zst,35115349
reddit/submissions/RS_2022-10.zst,35685153
reddit/submissions/RS_2022-11.zst,33166596
reddit/submissions/RS_2022-12.zst,35865148
reddit/submissions/RS_2023-01.zst,36090941
reddit/submissions/RS_2023-02.zst,33928903
reddit/submissions/RS_2023-03.zst,39724726
reddit/submissions/RS_2023-04.zst,52094224
reddit/submissions/RS_2023-05.zst,38450420
reddit/submissions/RS_2023-06.zst,42820922
reddit/submissions/RS_2023-07.zst,45437960
reddit/submissions/RS_2023-08.zst,46212450
reddit/submissions/RS_2023-09.zst,42881758
reddit/submissions/RS_2023-10.zst,40431726
reddit/submissions/RS_2023-11.zst,38107467
reddit/submissions/RS_2023-12.zst,39245797
reddit/submissions/RS_2024-01.zst,41263034
reddit/submissions/RS_2024-02.zst,39030731
reddit/submissions/RS_2024-03.zst,41926097
reddit/submissions/RS_2024-04.zst,40715240
reddit/submissions/RS_2024-05.zst,39877544
reddit/submissions/RS_2024-06.zst,38423967
reddit/submissions/RS_2024-07.zst,40924290
reddit/submissions/RS_2024-08.zst,41477290
reddit/submissions/RS_2024-09.zst,38596940
reddit/submissions/RS_2024-10.zst,38986521
